{
	"format_version": "1.8.0",
	"animations": {
		"animation.paimon.idle": {
			"loop": true,
			"animation_length": 2,
			"bones": {
				"head": {
					"rotation": {
						"0.0": [
							0,
							0,
							0
						],
						"1.0": [
							0,
							0,
							-2.5
						],
						"2.0": [
							0,
							0,
							0
						]
					}
				},
				"body": {
					"rotation": {
						"0.0": [
							0,
							0,
							0.5
						],
						"1.0": [
							0,
							0,
							-0.5
						],
						"2.0": [
							0,
							0,
							0.5
						]
					}
				},
				"root": {
					"position": {
						"0.0": [
							0,
							0,
							0
						],
						"1.0": [
							0,
							1,
							0
						],
						"2.0": [
							0,
							0,
							0
						]
					},
					"scale": 1
				},
				"leftLeg": {
					"rotation": {
						"0.0": [
							-9.99067,
							-0.43399,
							-2.46207
						],
						"1.0": [
							-12.46067,
							-0.97413,
							-4.90321
						],
						"2.0": [
							-9.99067,
							-0.43399,
							-2.46207
						]
					}
				},
				"leftKnee": {
					"rotation": [
						22.5,
						0,
						0
					]
				},
				"rightLeg": {
					"rotation": {
						"0.0": [
							4.99527,
							-0.21782,
							2.4905
						],
						"1.0": [
							2.50239,
							-0.10881,
							-0.00713
						],
						"2.0": [
							4.99527,
							-0.21782,
							2.4905
						]
					}
				},
				"rightKnee": {
					"rotation": [
						5,
						0,
						0
					]
				},
				"waist": {
					"rotation": {
						"0.0": [
							0,
							0,
							0
						],
						"1.0": [
							-0.5,
							0,
							0
						],
						"2.0": [
							0,
							0,
							0
						]
					}
				},
				"leftArm": {
					"rotation": {
						"0.0": [
							0,
							0,
							-5
						],
						"1.0": [
							0,
							0,
							0
						],
						"2.0": [
							0,
							0,
							-5
						]
					}
				},
				"left4Arm": {
					"rotation": [
						-10,
						0,
						0
					]
				},
				"rightArm": {
					"rotation": {
						"0.0": [
							0,
							0,
							5
						],
						"1.0": [
							0,
							0,
							0
						],
						"2.0": [
							0,
							0,
							5
						]
					}
				},
				"right4Arm": {
					"rotation": [
						-10,
						0,
						0
					]
				},
				"cape": {
					"rotation": {
						"0.0": [
							0,
							0,
							0
						],
						"1.0": [
							-2.5,
							0,
							0
						],
						"2.0": [
							0,
							0,
							0
						]
					}
				}
			}
		},
		"animation.paimon.fly": {
			"loop": true,
			"animation_length": 2,
			"bones": {
				"head": {
					"rotation": [
						-10,
						0,
						0
					]
				},
				"root": {
					"rotation": [
						20,
						0,
						0
					],
					"position": {
						"0.0": [
							0,
							0,
							1
						],
						"1.0": [
							0,
							1,
							1
						],
						"2.0": [
							0,
							0,
							1
						]
					},
					"scale": 1
				},
				"leftLeg": {
					"rotation": {
						"0.0": [
							-9.99067,
							-0.43399,
							-2.46207
						],
						"1.0": [
							-12.46067,
							-0.97413,
							-4.90321
						],
						"2.0": [
							-9.99067,
							-0.43399,
							-2.46207
						]
					}
				},
				"leftKnee": {
					"rotation": [
						22.5,
						0,
						0
					]
				},
				"rightLeg": {
					"rotation": {
						"0.0": [
							4.99527,
							-0.21782,
							2.4905
						],
						"0.9167": [
							2.50239,
							-0.10881,
							-0.00713
						],
						"2.0": [
							4.99527,
							-0.21782,
							2.4905
						]
					}
				},
				"rightKnee": {
					"rotation": [
						5,
						0,
						0
					]
				},
				"waist": {
					"rotation": [
						-7.5,
						0,
						0
					]
				},
				"leftArm": {
					"rotation": {
						"0.0": [
							20,
							0,
							-5
						],
						"1.0": [
							15,
							0,
							0
						],
						"2.0": [
							20,
							0,
							-5
						]
					}
				},
				"left4Arm": {
					"rotation": [
						-10,
						0,
						0
					]
				},
				"rightArm": {
					"rotation": {
						"0.0": [
							20,
							0,
							5
						],
						"1.0": [
							15,
							0,
							0
						],
						"2.0": [
							20,
							0,
							5
						]
					}
				},
				"right4Arm": {
					"rotation": [
						-10,
						0,
						0
					]
				},
				"cape": {
					"rotation": {
						"0.0": [
							15,
							0,
							0
						],
						"1.0": [
							22.5,
							0,
							0
						],
						"2.0": [
							15,
							0,
							0
						]
					}
				}
			}
		},
		"animation.paimon.hold_item": {
			"loop": "hold_on_last_frame",
			"animation_length": 2,
			"bones": {
				"root": {
					"scale": 1
				},
				"leftArm": {
					"rotation": [
						-15,
						0,
						0
					]
				},
				"left4Arm": {
					"rotation": [
						-17.5,
						0,
						15
					]
				},
				"rightArm": {
					"rotation": [
						-15,
						0,
						0
					]
				},
				"right4Arm": {
					"rotation": [
						-15,
						0,
						-15
					]
				},
				"rightItem": {
					"rotation": [
						"-15*(variable.holding_trident)",
						0,
						"90*(variable.holding_trident)"
					],
					"position": [
						0,
						"3.5*(variable.holding_trident)",
						0
					],
					"scale": 0.7
				}
			}
		}
	}
}